{
    "Bot": {
        "Destination Port": 0.8496042066615407,
        "Protocol": 0.3529411764705882,
        "Flow Duration": 0.37806090661007496,
        "Total Fwd Packets": 0.6813291013869307,
        "Total Length of Fwd Packets": 0.34787343504767565,
        "Total Length of Bwd Packets": 0.24123270772964697,
        "Fwd Packet Length Max": 0.4006411459691428,
        "Fwd Packet Length Min": 0.12683038457463672,
        "Fwd Packet Length Mean": 0.38614233879383425,
        "Fwd Packet Length Std": 0.28189789425178663,
        "Bwd Packet Length Max": 0.36416722585294253,
        "Bwd Packet Length Min": 0.1333396071527603,
        "Bwd Packet Length Mean": 0.3424838408450317,
        "Bwd Packet Length Std": 0.2394357896087355,
        "Flow Bytes/s": 0.5290127722926469,
        "Flow Packets/s": 0.5367333514236097,
        "Flow IAT Mean": 0.32384783213212825,
        "Flow IAT Std": 0.2884921122941475,
        "Flow IAT Max": 0.3773185478549647,
        "Flow IAT Min": 0.18153514642402596,
        "Fwd IAT Total": 0.30923777669370867,
        "Fwd IAT Mean": 0.275463087115695,
        "Fwd IAT Std": 0.30142327202502356,
        "Fwd IAT Max": 0.3090068420017586,
        "Bwd IAT Total": 0.3087581902474834,
        "Bwd IAT Mean": 0.2840564874945395,
        "Bwd IAT Std": 0.3020587889343846,
        "Bwd IAT Max": 0.3084723422039883,
        "Bwd IAT Min": 0.15899226306018804,
        "Fwd Header Length": 0.39919050967991765,
        "Bwd Header Length": 0.37567300547741095,
        "Fwd Packets/s": 0.49290113942379765,
        "Bwd Packets/s": 0.5098040814158804,
        "Max Packet Length": 0.40094231727893637,
        "Packet Length Mean": 0.3911637059520996,
        "Packet Length Std": 0.27366592682283153,
        "Packet Length Variance": 0.27288666357921637,
        "PSH Flag Count": 0.5044308111792775,
        "ACK Flag Count": 0.49556918882072254,
        "Down/Up Ratio": 0.07654104586619924,
        "Average Packet Size": 0.42039926641347614,
        "Avg Fwd Segment Size": 0.38614233879383425,
        "Avg Bwd Segment Size": 0.3424838408450317,
        "Subflow Fwd Packets": 0.6813291013869307,
        "Subflow Fwd Bytes": 0.34787343504767565,
        "Subflow Bwd Bytes": 0.24123270772964697,
        "Init_Win_bytes_forward": 0.6626328694731466,
        "Init_Win_bytes_backward": 0.5258466452082227,
        "min_seg_size_forward": 0.45528908719092764
    },
    "BruteForce": {
        "Destination Port": 0.2810195605406574,
        "Protocol": 0.35294117647058826,
        "Flow Duration": 0.5304399098426079,
        "Total Fwd Packets": 0.7584412695369088,
        "Total Length of Fwd Packets": 0.3408515863000952,
        "Total Length of Bwd Packets": 0.23593837657795816,
        "Fwd Packet Length Max": 0.3339476055199313,
        "Fwd Packet Length Min": 0.00042552899622091554,
        "Fwd Packet Length Mean": 0.2889765728705572,
        "Fwd Packet Length Std": 0.2847359242985437,
        "Bwd Packet Length Max": 0.292053081114057,
        "Bwd Packet Length Min": 0.0,
        "Bwd Packet Length Mean": 0.22267561633208904,
        "Bwd Packet Length Std": 0.2424622663734209,
        "Flow Bytes/s": 0.2555781826801967,
        "Flow Packets/s": 0.41267031700340223,
        "Flow IAT Mean": 0.4262699305027758,
        "Flow IAT Std": 0.403604988045269,
        "Flow IAT Max": 0.49000079168423905,
        "Flow IAT Min": 0.1434889134696704,
        "Fwd IAT Total": 0.4767656417577341,
        "Fwd IAT Mean": 0.4069011045366514,
        "Fwd IAT Std": 0.38854019839024684,
        "Fwd IAT Max": 0.44773930067865686,
        "Bwd IAT Total": 0.4378396603324475,
        "Bwd IAT Mean": 0.35490549137990285,
        "Bwd IAT Std": 0.3806909043043914,
        "Bwd IAT Max": 0.40140484958738665,
        "Bwd IAT Min": 0.04451169150605091,
        "Fwd Header Length": 0.515786532978165,
        "Bwd Header Length": 0.46750158464012864,
        "Fwd Packets/s": 0.37349773845720335,
        "Bwd Packets/s": 0.3111753314744058,
        "Max Packet Length": 0.3546250190384516,
        "Packet Length Mean": 0.30243609178761943,
        "Packet Length Std": 0.30310611051629704,
        "Packet Length Variance": 0.298241890592515,
        "PSH Flag Count": 0.5036630036630036,
        "ACK Flag Count": 0.49633699633699635,
        "Down/Up Ratio": 0.11202456691178496,
        "Average Packet Size": 0.3113997642474229,
        "Avg Fwd Segment Size": 0.2889765728705572,
        "Avg Bwd Segment Size": 0.22267561633208904,
        "Subflow Fwd Packets": 0.7584412695369088,
        "Subflow Fwd Bytes": 0.3408515863000952,
        "Subflow Bwd Bytes": 0.23593837657795816,
        "Init_Win_bytes_forward": 0.7134128551457328,
        "Init_Win_bytes_backward": 0.3877586496847778,
        "min_seg_size_forward": 0.7272727272727273
    },
    "DoS_DDoS": {
        "Destination Port": 0.3962841988765695,
        "Protocol": 0.35294117647058826,
        "Flow Duration": 0.7195361696936431,
        "Total Fwd Packets": 0.9290328951618072,
        "Total Length of Fwd Packets": 0.3648638642213775,
        "Total Length of Bwd Packets": 0.42342614172827464,
        "Fwd Packet Length Max": 0.40940999986309873,
        "Fwd Packet Length Min": 0.020836308888212373,
        "Fwd Packet Length Mean": 0.3466257147575852,
        "Fwd Packet Length Std": 0.36127864555083855,
        "Bwd Packet Length Max": 0.604427266378593,
        "Bwd Packet Length Min": 0.00048024514904650796,
        "Bwd Packet Length Mean": 0.5964097028414098,
        "Bwd Packet Length Std": 0.5763281646963198,
        "Flow Bytes/s": 0.21170171895189366,
        "Flow Packets/s": 0.24077758989720457,
        "Flow IAT Mean": 0.6243983038508684,
        "Flow IAT Std": 0.6602538476053935,
        "Flow IAT Max": 0.7167427310536175,
        "Flow IAT Min": 0.11349209139985027,
        "Fwd IAT Total": 0.7044713829393766,
        "Fwd IAT Mean": 0.6414678337826437,
        "Fwd IAT Std": 0.6411903146044579,
        "Fwd IAT Max": 0.7028260802606198,
        "Bwd IAT Total": 0.4882374045404051,
        "Bwd IAT Mean": 0.4326867535966916,
        "Bwd IAT Std": 0.45228938908936545,
        "Bwd IAT Max": 0.4836507690096954,
        "Bwd IAT Min": 0.14755939467283816,
        "Fwd Header Length": 0.5087600140859155,
        "Bwd Header Length": 0.36147947814947173,
        "Fwd Packets/s": 0.22986421822920605,
        "Bwd Packets/s": 0.04302327524578074,
        "Max Packet Length": 0.6290395457972916,
        "Packet Length Mean": 0.6076314690891698,
        "Packet Length Std": 0.5978996904441156,
        "Packet Length Variance": 0.5966913346580923,
        "PSH Flag Count": 0.16476540583053323,
        "ACK Flag Count": 0.6291505594938398,
        "Down/Up Ratio": 0.05795321910219158,
        "Average Packet Size": 0.613935083618431,
        "Avg Fwd Segment Size": 0.3466257147575852,
        "Avg Bwd Segment Size": 0.5964097028414098,
        "Subflow Fwd Packets": 0.9290328951618072,
        "Subflow Fwd Bytes": 0.3648638642213775,
        "Subflow Bwd Bytes": 0.42342614172827464,
        "Init_Win_bytes_forward": 0.46139102484820493,
        "Init_Win_bytes_backward": 0.3436986943637091,
        "min_seg_size_forward": 0.6154387550787268
    },
    "Normal": {
        "Destination Port": 0.5340770011893742,
        "Protocol": 0.6324626719250558,
        "Flow Duration": 0.4943455305149765,
        "Total Fwd Packets": 0.7231731612349538,
        "Total Length of Fwd Packets": 0.3605624231051101,
        "Total Length of Bwd Packets": 0.292863056205854,
        "Fwd Packet Length Max": 0.37437932036223753,
        "Fwd Packet Length Min": 0.25130340520834926,
        "Fwd Packet Length Mean": 0.382420314419154,
        "Fwd Packet Length Std": 0.16308335225299767,
        "Bwd Packet Length Max": 0.397265014537171,
        "Bwd Packet Length Min": 0.30091759606984736,
        "Bwd Packet Length Mean": 0.4156300360669361,
        "Bwd Packet Length Std": 0.15843316165086493,